Index,Country,CityCode,CityName,Name,Longitude,Latitude,pop1975,pop1980,pop1990,pop2000,pop2010,pop2020,pop2025,pop2030,pop2040,pop2050,gr1975,gr2000,gr2020,gr2025,gr2050,nr1975,nr2000,nr2020,nr2025,nr2050
1708,Indonesia,5590,Jakarta,Jakarta,106.8248207,-6.327544155,11.7,14.2,19.7,25.6,32.6,39.1,41.9,44.6,49,51.8,4,2,1,1,2,1,1,1,1,1
107,Bangladesh,6249,Dhaka,Dhaka,90.5792067,23.75173395,5,6.4,11,17.4,24.6,32.6,36.6,40.8,47.4,52.1,22,9,3,2,1,1,1,1,1,1
1924,Japan,6030,Tōkyō (Tokyo),Tokyo,139.6557762,35.66617878,24.3,25.9,28.6,30.3,32.6,33.7,33.4,33,31.9,30.7,1,1,2,3,7,1,1,1,1,1
1528,India,8364,New Delhi,New Delhi,77.20781308,28.62573277,6.1,7.4,11.6,18,23.2,29.1,30.2,31.3,32.9,33.9,17,6,4,4,4,3,2,1,1,1
660,China,11738,Shanghai,Shanghai,121.4369209,31.21477617,4.5,4.9,7.8,14,20.5,27.7,29.6,31.3,33.8,34.9,24,14,5,5,3,2,2,1,1,1
449,China,11306,Guangzhou,Guangzhou,113.2858934,23.1423195,1.6,2.1,4.1,19,24.2,26.5,27.6,28.4,29.3,29.2,88,3,6,6,8,10,1,2,2,2
1010,Egypt,4435,Al-Qahirah (Cairo),Cairo,31.26071446,30.06460953,7.4,8.5,11.7,15.7,19.5,24,25.6,27.2,30.2,32.4,14,12,8,7,6,1,1,1,1,1
2373,Philippines,2369,Manila,Manila,121.0190573,14.58739364,8.3,9.9,13.9,17.8,21.1,24,24.7,25.5,26.7,27.1,12,7,7,8,9,1,1,1,1,1
1447,India,11821,Kolkata,Kolkata,88.35365746,22.58597109,10.5,11.8,14.8,18.4,20.5,22,22.5,23,23.6,23.8,7,5,10,9,10,1,1,2,2,2
2413,Republic of Korea,332,Seoul,Seoul,126.9485375,37.49747576,10.1,12.2,16.9,19,20.5,22.2,22.5,22.6,22.3,21.2,8,4,9,10,12,1,1,1,1,1
2280,Pakistan,2578,Karachi,Karachi,67.06521577,24.89672661,4.6,5.8,8,10.8,14,19.3,21.4,23.6,28.2,32.6,23,19,11,11,5,1,1,1,1,1
1503,India,7945,Mumbai,Mumbai,72.88334263,19.12248076,8.3,9.8,12.8,16,17.7,19.3,20.2,21.1,22.4,23.1,11,11,12,12,11,2,3,3,3,3
260,Brazil,7303,São Paulo,São Paulo,-46.59985821,-23.57674478,10.5,13,15.3,16.7,18.2,18.8,18.9,19,18.8,18.2,6,10,13,13,16,1,1,1,1,1
2664,Thailand,2286,Krung Thep Maha Nakhon (Bangkok),Bangkok,100.551001,13.76233099,3.7,4.6,6.3,8.4,13,17.3,18.2,19,20,20.5,31,24,15,14,13,1,1,1,1,1
2013,Mexico,5439,Ciudad de México (Mexico City),Mexico City,-99.10493868,19.44482413,11.1,13.2,15.6,17.6,18.3,17.6,17.7,17.8,17.9,17.7,5,8,14,15,18,1,1,1,1,1
351,China,9020,Beijing,Beijing,116.372225,39.92748907,5.2,5.6,6.6,9.6,14.3,16.5,17,17.6,18.1,18,21,21,16,16,17,1,3,3,3,3
2287,Pakistan,8021,Lahore,Lahore,74.28938936,31.54190088,4.4,5.1,6.2,8,10.5,14,15.2,16.3,18.5,20.4,26,26,20,17,14,2,2,2,2,2
2701,Türkiye,2626,Istanbul,Istanbul,28.97923918,41.0163332,5.3,6.2,8.8,10.6,13,14.6,15,15.4,16,16.3,20,20,17,18,20,1,1,1,1,1
2450,Russian Federation,2485,Moskva (Moscow),Moscow,37.63834762,55.75037076,8.5,9.1,10.2,11.2,12.8,14.3,14.5,14.8,15.1,15.5,10,18,18,19,22,1,1,1,1,1
2950,Viet Nam,5435,Ho Chi Minh City,Ho Chi Minh City,106.6934131,10.82229963,2.4,2.9,3.8,6,9.3,13.1,14.1,14.9,16.2,17.2,54,38,24,20,19,1,1,1,1,1
